Workbook

Sheet DatTour
A1: ma_dtour | B1: ngay_khoi_hanh | C1: ma_tour | D1: so_khach | E1: ten_tour | F1: gia_tour | G1: tong_gia_tour
A2: DTR001 | B2: 2026-08-01 | C2: HL01 | D2: 3 | E2: =VLOOKUP(C2, Tour!$A$1:$C$8, 2,0) -> Ha Long 2 ngay | F2: =VLOOKUP(C2, Tour!$A$1:$C$8, 3,0) -> 2200000 | G2: =D2*F2 -> 6600000
A3: DTR002 | B3: 2026-08-02 | C3: NB01 | D3: 4 | E3: =VLOOKUP(C3, Tour!$A$1:$C$8, 2,0) -> Ninh Binh 1 ngay | F3: =VLOOKUP(C3, Tour!$A$1:$C$8, 3,0) -> 900000 | G3: =D3*F3 -> 3600000
A4: DTR003 | B4: 2026-08-03 | C4: MC01 | D4: 2 | E4: =VLOOKUP(C4, Tour!$A$1:$C$8, 2,0) -> Mai Chau 2 ngay | F4: =VLOOKUP(C4, Tour!$A$1:$C$8, 3,0) -> 1800000 | G4: =D4*F4 -> 3600000
A5: DTR004 | B5: 2026-08-04 | C5: MC01 | D5: 5 | E5: =VLOOKUP(C5, Tour!$A$1:$C$8, 2,0) -> Mai Chau 2 ngay | F5: =VLOOKUP(C5, Tour!$A$1:$C$8, 3,0) -> 1800000 | G5: =D5*F5 -> 9000000
A6: DTR005 | B6: 2026-08-05 | C6: DN01 | D6: 2 | E6: =VLOOKUP(C6, Tour!$A$1:$C$8, 2,0) -> Da Nang 4 ngay | F6: =VLOOKUP(C6, Tour!$A$1:$C$8, 3,0) -> 5500000 | G6: =D6*F6 -> 11000000
A7: DTR006 | B7: 2026-08-06 | C7: DN01 | D7: 2 | E7: =VLOOKUP(C7, Tour!$A$1:$C$8, 2,0) -> Da Nang 4 ngay | F7: =VLOOKUP(C7, Tour!$A$1:$C$8, 3,0) -> 5500000 | G7: =D7*F7 -> 11000000
A8: DTR007 | B8: 2026-08-07 | C8: BV01 | D8: 5 | E8: =VLOOKUP(C8, Tour!$A$1:$C$8, 2,0) -> Ba Vi 1 ngay | F8: =VLOOKUP(C8, Tour!$A$1:$C$8, 3,0) -> 600000 | G8: =D8*F8 -> 3000000
A9: DTR008 | B9: 2026-08-08 | C9: NB01 | D9: 1 | E9: =VLOOKUP(C9, Tour!$A$1:$C$8, 2,0) -> Ninh Binh 1 ngay | F9: =VLOOKUP(C9, Tour!$A$1:$C$8, 3,0) -> 900000 | G9: =D9*F9 -> 900000
A10: DTR009 | B10: 2026-08-09 | C10: PQ01 | D10: 5 | E10: =VLOOKUP(C10, Tour!$A$1:$C$8, 2,0) -> Phu Quoc 3 ngay | F10: =VLOOKUP(C10, Tour!$A$1:$C$8, 3,0) -> 6600000 | G10: =D10*F10 -> 33000000
A11: DTR010 | B11: 2026-08-10 | C11: SP01 | D11: 3 | E11: =VLOOKUP(C11, Tour!$A$1:$C$8, 2,0) -> Sa Pa 3 ngay | F11: =VLOOKUP(C11, Tour!$A$1:$C$8, 3,0) -> 3300000 | G11: =D11*F11 -> 9900000
A12: DTR011 | B12: 2026-08-11 | C12: MC01 | D12: 1 | E12: =VLOOKUP(C12, Tour!$A$1:$C$8, 2,0) -> Mai Chau 2 ngay | F12: =VLOOKUP(C12, Tour!$A$1:$C$8, 3,0) -> 1800000 | G12: =D12*F12 -> 1800000
A13: DTR012 | B13: 2026-08-12 | C13: HL01 | D13: 2 | E13: =VLOOKUP(C13, Tour!$A$1:$C$8, 2,0) -> Ha Long 2 ngay | F13: =VLOOKUP(C13, Tour!$A$1:$C$8, 3,0) -> 2200000 | G13: =D13*F13 -> 4400000
... A16: DTR015 | B16: 2026-08-15 | C16: HL01 | D16: 5 | E16: =VLOOKUP(C16, Tour!$A$1:$C$8, 2,0) -> Ha Long 2 ngay | F16: =VLOOKUP(C16, Tour!$A$1:$C$8, 3,0) -> 2200000 | G16: =D16*F16 -> 11000000

Sheet Tour
A1: ma_tour | B1: ten_tour | C1: gia_tour
A2: HL01 | B2: Ha Long 2 ngay | C2: 2200000
A3: SP01 | B3: Sa Pa 3 ngay | C3: 3300000
A4: NB01 | B4: Ninh Binh 1 ngay | C4: 900000
A5: DN01 | B5: Da Nang 4 ngay | C5: 5500000
A6: PQ01 | B6: Phu Quoc 3 ngay | C6: 6600000
A7: MC01 | B7: Mai Chau 2 ngay | C7: 1800000
A8: BV01 | B8: Ba Vi 1 ngay | C8: 600000
